{"cameraMode":{"drawMode":0,"name":"Shaded","section":"Shading Mode"},"sceneLighting":true,"audioPlay":false,"sceneViewState":{"showFog":true,"showMaterialUpdate":false,"showSkybox":true,"showFlares":true,"showImageEffects":true,"showParticleSystems":true},"in2DMode":false,"pivot":{"x":-1.4687299728393555,"y":11.377442359924317,"z":5.348990440368652},"rotation":{"x":-0.3084348142147064,"y":-0.6318061351776123,"z":0.30330774188041689,"w":-0.6433393955230713},"size":36.783382415771487,"orthographic":false}