{"cameraMode":{"drawMode":0,"name":"Shaded","section":"Shading Mode"},"sceneLighting":true,"audioPlay":false,"sceneViewState":{"showFog":true,"showMaterialUpdate":false,"showSkybox":true,"showFlares":true,"showImageEffects":true,"showParticleSystems":true},"in2DMode":false,"pivot":{"x":-27.397714614868165,"y":32.90087890625,"z":8.185586929321289},"rotation":{"x":-0.0720386654138565,"y":-0.0759471207857132,"z":0.005495610646903515,"w":-0.9945084452629089},"size":123.0276870727539,"orthographic":false}