{"cameraMode":{"drawMode":0,"name":"Shaded","section":"Shading Mode"},"sceneLighting":true,"audioPlay":false,"sceneViewState":{"showFog":true,"showMaterialUpdate":false,"showSkybox":true,"showFlares":true,"showImageEffects":true,"showParticleSystems":true},"in2DMode":false,"pivot":{"x":-15.412755966186524,"y":-11.635189056396485,"z":13.970657348632813},"rotation":{"x":-0.30444690585136416,"y":0.30466020107269289,"z":-0.10338287800550461,"w":-0.8966400027275086},"size":51.36349105834961,"orthographic":false}